{
    "$schema": "https://schema.management.azure.com/schemas/2018-05-01/subscriptionDeploymentTemplate.json#",
    "contentVersion": "1.0.0.0",
    "parameters": {
        "resourceGroupName": {
            "type": "string",
            "metadata": {
                "description": "The name of the Azure resource group that will contain the Start/Stop components."
            }
        },
        "location": {
            "type": "string",
            "defaultValue": "global",
            "allowedValues": [
                "eastus",
                "eastus2",
                "centralus",
                "westus",
                "westus2",
                "northcentralus",
                "southcentralus",
                "northeurope",
                "westeurope",
                "germanywestcentral",
                "japaneast",
                "japanwest",
                "brazilsouth",
                "brazilsoutheast",
                "australiaeast",
                "australiasoutheast",
                "australiacentral",
                "australiacentral2",
                "centralindia",
                "canadacentral",
                "uksouth",
                "ukwest",
                "koreacentral",
                "francecentral",
                "southafricanorth",
                "switzerlandnorth",
                "switzerlandwest",
                "southeastasia",
                "eastasia",
                "uaecentral",
                "uaenorth",
                "norwayeast"
            ],
            "metadata": {
                "description": "The region where the resource group containing the Start/Stop components will be located."
            }
        },
        "azureFunctionAppName": {
            "type": "string",
            "minLength": 2,
            "maxLength": 46,
            "metadata": {
                "description": "The name of the Azure Function App that will perform the action on the VM(s). This Function App name MUST be globally unique, contain ONLY alphanumeric characters or hyphens (and can NOT start or end with a hyphen), and the length of the name MUST be less than 46 characters."
            }
        },
        "applicationInsightsName": {
            "type": "string",
            "metadata": {
                "description": "The name of the Application Insights instance that will hold the analytics for Start/Stop."
            }
        },
        "applicationInsightsRegion": {
            "type": "string",
            "defaultValue": "[location()]",
            "allowedValues": [
                "eastus",
                "eastus2",
                "centralus",
                "westus",
                "westus2",
                "northcentralus",
                "southcentralus",
                "northeurope",
                "westeurope",
                "germanywestcentral",
                "japaneast",
                "japanwest",
                "brazilsouth",
                "brazilsoutheast",
                "australiaeast",
                "australiasoutheast",
                "australiacentral",
                "australiacentral2",
                "centralindia",
                "canadacentral",
                "uksouth",
                "ukwest",
                "koreacentral",
                "francecentral",
                "southafricanorth",
                "switzerlandnorth",
                "switzerlandwest",
                "southeastasia",
                "eastasia",
                "uaecentral",
                "uaenorth",
                "norwayeast"
            ],
            "metadata": {
                "description": "The region where the Application Insights instance for Start/Stop Analytics will be located."
            }
        },
        "storageAccountName": {
            "type": "String",
            "minLength": 3,
            "maxLength": 18,
            "metadata": {
                "description": "The name of the storage account for Start/Stop execution data logging. Name MUST be globally unique and contain only lowercase letters and numbers. Length of the name MUST be less than 18 characters."
            }
        },
        "Email Addresses": {
            "type": "string",
            "defaultValue": "",
            "metadata": {
                "description": "Enter one more email addresses that will receive Start/Stop status emails. Seperate emails by using comma(,).",
                "category": "Email Functionality"
            }
        },
        "artifactsLocation": {
            "type": "String",
            "defaultValue": "[deployment().properties.templateLink.uri]",
            "metadata": {
                "description": "The base URI where artifacts required by this template are located including a trailing '/'."
            }
        },
        "artifactsLocationSasToken": {
            "type": "securestring",
            "metadata": {
                "description": "The sasToken required to access artifactsLocation.  When the template is deployed using the accompanying scripts, a sasToken will be automatically generated. Use the defaultValue if the staging location is not secured."
            },
            "defaultValue": ""
        }
    },
    "variables": {
        "_artifactsLocation": "[parameters('artifactsLocation')]",
        "sas": "[parameters('artifactsLocationSasToken')]",
        "nestedTemplates": {
            "StartStopV2_Automation": "[uri(variables('_artifactsLocation'), concat('nestedtemplates/Automation.json', variables('sas')))]",
            "StartStopV2_AlertEmail": "[uri(variables('_artifactsLocation'), concat('nestedtemplates/AlertEmail.json', variables('sas')))]",
            "StartStopV2_AzDashboard": "[uri(variables('_artifactsLocation'), concat('nestedtemplates/AzDashboard.json', variables('sas')))]"
        },
        "Contributor": "[concat('/subscriptions/', subscription().subscriptionId, '/providers/Microsoft.Authorization/roleDefinitions/', 'b24988ac-6180-42a0-ab88-20f7382dd24c')]",
        "scopeSub": "[subscription().id]",
        "azureCloudEnvironment": "AzureGlobalCloud"
    },
    "resources": [
        {
            "name": "pid-3b48387b-eed3-4d58-96db-114301895cdc-partnercenter",
            "type": "Microsoft.Resources/deployments",
            "resourceGroup": "[parameters('resourceGroupName')]",
            "apiVersion": "2020-10-01",
            "dependsOn": [
                "[resourceId('Microsoft.Resources/resourceGroups/', parameters('resourceGroupName'))]"
            ],
            "properties": {
                "mode": "Incremental",
                "template": {
                    "$schema": "https://schema.management.azure.com/schemas/2019-04-01/deploymentTemplate.json#",
                    "contentVersion": "1.0.0.0",
                    "resources": []
                }
            }
        },
        {
            "name": "[parameters('resourceGroupName')]",
            "type": "Microsoft.Resources/resourceGroups",
            "apiVersion": "2019-05-01",
            "location": "[parameters('location')]",
            "tags": {
                "SolutionName": "StartStopV2"
            },
            "properties": {}
        },
        {
            "type": "Microsoft.Resources/deployments",
            "apiVersion": "2021-01-01",
            "name": "StartStopV2_Automation",
            "resourceGroup": "[parameters('resourceGroupName')]",
            "dependsOn": [
                "[resourceId('Microsoft.Resources/resourceGroups/', parameters('resourceGroupName'))]"
            ],
            "properties": {
                "mode": "Incremental",
                "templateLink": {
                    "uri": "[variables('nestedTemplates').StartStopV2_Automation]",
                    "contentVersion": "1.0.0.0"
                },
                "parameters": {
                    "resourceGroupRegion": {
                        "value": "[parameters('location')]"
                    },
                    "azureFunctionName": {
                        "value": "[parameters('azureFunctionAppName')]"
                    },
                    "appInsightName": {
                        "value": "[parameters('applicationInsightsName')]"
                    },
                    "appInsightRegion": {
                        "value": "[parameters('applicationInsightsRegion')]"
                    },
                    "storageAccountName": {
                        "value": "[parameters('storageAccountName')]"
                    },
                    "AzureCloudEnvironment": {
                        "value": "[variables('azureCloudEnvironment')]"
                    },
                    "artifactsLocation": {
                        "value": "[variables('_artifactsLocation')]"
                    },
                    "artifactsLocationSasToken": {
                        "value": "[variables('sas')]"
                    }
                }
            }
        },
        {
            "type": "Microsoft.Resources/deployments",
            "apiVersion": "2021-01-01",
            "name": "StartStopV2_CreateAlerts",
            "resourceGroup": "[parameters('resourceGroupName')]",
            "dependsOn": [
                "[resourceId('Microsoft.Resources/resourceGroups/', parameters('resourceGroupName'))]",
                "StartStopV2_Automation"
            ],
            "properties": {
                "mode": "Incremental",
                "templateLink": {
                    "uri": "[variables('nestedTemplates').StartStopV2_AlertEmail]",
                    "contentVersion": "1.0.0.0"
                },
                "parameters": {
                    "Email Addresses": {
                        "value": "[if(equals(parameters('Email Addresses'),''), 'xlkjciekc321c3@microsoft.com', parameters('Email Addresses'))]"
                    },
                    "appInsightName": {
                        "value": "[parameters('applicationInsightsName')]"
                    },
                    "appInsightRegion": {
                        "value": "[parameters('applicationInsightsRegion')]"
                    }
                }
            }
        },
        {
            "type": "Microsoft.Resources/deployments",
            "apiVersion": "2021-01-01",
            "name": "StartStopV2_AzDashboard",
            "resourceGroup": "[parameters('resourceGroupName')]",
            "dependsOn": [
                "[resourceId('Microsoft.Resources/resourceGroups/', parameters('resourceGroupName'))]",
                "StartStopV2_Automation",
                "StartStopV2_CreateAlerts"
            ],
            "properties": {
                "mode": "Incremental",
                "templateLink": {
                    "uri": "[variables('nestedTemplates').StartStopV2_AzDashboard]",
                    "contentVersion": "1.0.0.0"
                },
                "parameters": {
                    "appInsightName": {
                        "value": "[parameters('applicationInsightsName')]"
                    },
                    "appInsightRegion": {
                        "value": "[parameters('applicationInsightsRegion')]"
                    }
                }
            }
        },
        {
            "type": "Microsoft.Authorization/roleAssignments",
            "apiVersion": "2021-04-01-preview",
            "name": "[guid(uniqueString(parameters('resourceGroupName')))]",
            "dependsOn": [
                "[resourceId('Microsoft.Resources/resourceGroups/', parameters('resourceGroupName'))]",
                "StartStopV2_Automation",
                "StartStopV2_CreateAlerts",
                "StartStopV2_AzDashboard"
            ],
            "properties": {
                "roleDefinitionId": "[variables('Contributor')]",
                "principalId": "[reference('StartStopV2_Automation').outputs.pId.value]",
                "principalType": "ServicePrincipal",
                "scope": "[variables('scopeSub')]"
            }
        }
    ],
    "outputs": {}
}